Year,Storm Name,Start Date,End Date,Dates,Max Wind Speed (mph),Min pressure (mb),Storm Type
1950,ABLE,8/12/50,8/24/50,8/12 - 8/24,110,953,Hurricane
1950,BAKER,8/18/50,9/1/50,8/18 - 9/1,90,979,Hurricane
1950,CHARLIE,8/21/50,9/5/50,8/21 - 9/5,95,974,Hurricane
1950,EASY,9/1/50,9/9/50,9/1 - 9/9,105,960,Hurricane
1950,FOX,9/8/50,9/17/50,9/8 - 9/17,120,946,Hurricane
1950,DOG,8/30/50,9/18/50,8/30 - 9/18,125,953,Hurricane
1950,HOW,10/1/50,10/4/50,10/1 - 10/4,40,,Tropical Storm
1950,GEORGE,9/27/50,10/7/50,9/27 - 10/7,95,960,Hurricane
1950,ITEM,10/8/50,10/11/50,10/8 - 10/11,90,980,Hurricane
1950,JIG,10/11/50,10/18/50,10/11 - 10/18,100,,Hurricane
1950,KING,10/13/50,10/20/50,10/13 - 10/20,115,955,Hurricane
1950,LOVE,10/18/50,10/22/50,10/18 - 10/22,70,987,Hurricane
1950,MIKE,10/25/50,10/28/50,10/25 - 10/28,40,,Tropical Storm
1951,ABLE,5/16/51,5/24/51,5/16 - 5/24,80,973,Hurricane
1951,BAKER,8/2/51,8/5/51,8/2 - 8/5,50,996,Tropical Storm
1951,CHARLIE,8/12/51,8/23/51,8/12 - 8/23,115,968,Hurricane
1951,DOG,8/27/51,9/5/51,8/27 - 9/5,80,992,Hurricane
1951,FOX,9/2/51,9/11/51,9/2 - 9/11,100,,Hurricane
1951,EASY,9/1/51,9/14/51,9/1 - 9/14,130,937,Hurricane
1951,GEORGE,9/16/51,9/22/51,9/19 - 9/22,50,999,Tropical Storm
1951,HOW,9/29/51,10/11/51,9/29 - 10/11,85,963,Hurricane
1951,ITEM,10/12/51,10/17/51,10/12 - 10/17,55,998,Tropical Storm
1951,JIG,10/15/51,10/20/51,10/15 - 10/20,65,990,Hurricane
1952,ABLE,8/18/52,9/3/52,8/18 - 9/3,85,983,Hurricane
1952,BAKER,8/31/52,9/10/52,8/31 - 9/10,95,969,Hurricane
1952,DOG,9/24/52,9/30/52,9/24 - 9/30,60,998,Tropical Storm
1952,CHARLIE,9/24/52,10/1/52,9/24 - 10/1,105,958,Hurricane
1952,EASY,10/6/52,10/11/52,10/6 - 10/11,90,968,Hurricane
1952,FOX,10/20/52,10/28/52,10/20 - 10/28,125,934,Hurricane
1953,ALICE,5/25/53,6/7/53,5/25 - 6/7,60,994,Tropical Storm
1953,BARBARA,8/11/53,8/16/53,8/11 - 8/16,80,973,Hurricane
1953,CAROL,8/28/53,9/9/53,8/28 - 9/9,140,929,Hurricane
1953,DOLLY,9/8/53,9/16/53,9/8 - 9/16,65,989,Hurricane
1953,EDNA,9/15/53,9/21/53,9/15 - 9/21,100,962,Hurricane
1953,FLORENCE,9/23/53,9/27/53,9/23 - 9/27,100,968,Hurricane
1953,GAIL,10/2/53,10/12/53,10/2 - 10/12,70,986,Hurricane
1953,HAZEL,10/7/53,10/16/53,10/7 - 10/16,75,989,Hurricane
1954,ALICE,6/24/54,6/24/54,6/24 - 6/27,95,,Hurricane
1954,BARBARA,7/27/54,7/30/54,7/27 - 7/30,50,999,Tropical Storm
1954,CAROL,8/25/54,9/1/54,8/25 - 9/1,100,955,Hurricane
1954,DOLLY,8/31/54,9/4/54,8/31 - 9/4,75,994,Hurricane
1954,FLORENCE,9/10/54,9/12/54,9/10 - 9/12,55,1001,Tropical Storm
1954,EDNA,9/5/54,9/14/54,9/5 - 9/14,110,943,Hurricane
1954,GILDA,9/24/54,9/30/54,9/24 - 9/30,60,998,Tropical Storm
1954,HAZEL,10/5/54,10/18/54,10/5 - 10/18,115,938,Hurricane
1954,ALICE,12/30/54,1/6/55,12/30 - 1/6,80,991,Hurricane
1955,BRENDA,7/31/55,8/3/55,7/31 - 8/3,60,,Tropical Storm
1955,CONNIE,8/3/55,8/15/55,8/3 - 8/15,120,944,Hurricane
1955,DIANE,8/7/55,8/23/55,8/7 - 8/23,90,969,Hurricane
1955,EDITH,8/21/55,9/5/55,8/21 - 9/5,85,967,Hurricane
1955,GLADYS,9/3/55,9/6/55,9/3 - 9/6,65,996,Hurricane
1955,FLORA,9/2/55,9/9/55,9/2 - 9/9,90,967,Hurricane
1955,HILDA,9/12/55,9/20/55,9/12 - 9/20,105,952,Hurricane
1955,IONE,9/10/55,9/27/55,9/10 - 9/27,120,938,Hurricane
1955,JANET,9/21/55,9/30/55,9/21 - 9/30,150,914,Hurricane
1955,KATIE,10/14/55,10/19/55,10/14 - 10/19,95,984,Hurricane
1956,ANNA,7/25/56,7/27/56,7/25 - 7/27,75,991,Hurricane
1956,BETSY,8/9/56,8/21/56,8/9 - 8/21,105,954,Hurricane
1956,DORA,9/10/56,9/13/56,9/10 - 9/13,50,1000,Tropical Storm
1956,ETHEL,9/11/56,9/14/56,9/11 - 9/14,50,999,Tropical Storm
1956,CARLA,9/7/56,9/16/56,9/7 - 9/16,60,1000,Tropical Storm
1956,FLOSSY,9/20/56,10/3/56,9/20 - 10/3,80,974,Hurricane
1956,GRETA,10/31/56,11/7/56,10/31 - 11/7,85,970,Hurricane
1957,AUDREY,6/24/57,6/29/57,6/24 - 6/29,110,946,Hurricane
1957,BERTHA,8/8/57,8/11/57,8/8 - 8/11,55,998,Tropical Storm
1957,DEBBIE,9/7/57,9/9/57,9/7 - 9/9,35,1003,Tropical Storm
1957,ESTHER,9/16/57,9/19/57,9/16 - 9/19,55,1000,Tropical Storm
1957,CARRIE,9/2/57,9/25/57,9/2 - 9/25,120,945,Hurricane
1957,FRIEDA,9/20/57,9/27/57,9/20 - 9/27,75,975,Hurricane
1958,ALMA,6/14/58,6/16/58,6/14 - 6/16,55,,Tropical Storm
1958,BECKY,8/8/58,8/17/58,8/8 - 8/17,60,1004,Tropical Storm
1958,CLEO,8/11/58,8/22/58,8/11 - 8/22,120,947,Hurricane
1958,DAISY,8/23/58,8/31/58,8/23 - 8/31,115,948,Hurricane
1958,ELLA,8/30/58,9/7/58,8/30 - 9/7,95,983,Hurricane
1958,FIFI,9/4/58,9/11/58,9/4 - 9/11,75,1000,Hurricane
1958,GERDA,9/14/58,9/22/58,9/14 - 9/22,50,1001,Tropical Storm
1958,ILSA,9/24/58,9/30/58,9/24 - 9/30,95,956,Hurricane
1958,HELENE,9/21/58,10/4/58,9/21 - 10/4,130,930,Hurricane
1958,JANICE,10/4/58,10/13/58,10/4 - 10/13,85,968,Hurricane
1959,ARLENE,5/28/59,6/2/59,5/28 - 6/2,55,993,Tropical Storm
1959,BEULAH,6/15/59,6/19/59,6/15 - 6/19,60,985,Tropical Storm
1959,CINDY,7/4/59,7/12/59,7/4 - 7/12,65,995,Hurricane
1959,DEBRA,7/22/59,7/27/59,7/22 - 7/27,75,980,Hurricane
1959,EDITH,8/18/59,8/19/59,8/18 - 8/19,50,1007,Tropical Storm
1959,FLORA,9/9/59,9/13/59,9/9 - 9/13,65,994,Hurricane
1959,GRACIE,9/20/59,10/2/59,9/20 - 10/2,115,951,Hurricane
1959,HANNAH,9/27/59,10/8/59,9/27 - 10/8,105,959,Hurricane
1959,IRENE,10/6/59,10/9/59,10/6 - 10/9,40,1000,Tropical Storm
1959,JUDITH,10/14/59,10/22/59,10/14 - 10/22,75,988,Hurricane
1960,ABBY,7/9/60,7/17/60,7/9 - 7/17,70,995,Hurricane
1960,BRENDA,7/27/60,8/7/60,7/27 - 8/7,60,976,Tropical Storm
1960,CLEO,8/17/60,8/21/60,8/17 - 8/21,75,995,Hurricane
1960,DONNA,8/29/60,9/14/60,8/29 - 9/14,125,930,Hurricane
1960,ETHEL,9/12/60,9/17/60,9/12 - 9/17,100,974,Hurricane
1960,FLORENCE,9/17/60,9/26/60,9/17 - 9/26,50,1000,Tropical Storm
1961,ANNA,7/17/61,7/25/61,7/17 - 7/25,90,976,Hurricane
1961,BETSY,9/2/61,9/16/61,9/2 - 9/16,115,945,Hurricane
1961,CARLA,9/3/61,9/18/61,9/3 - 9/18,125,927,Hurricane
1961,DEBBIE,9/5/61,9/18/61,9/5 - 9/18,80,961,Hurricane
1961,ESTHER,9/10/61,9/27/61,9/10 - 9/27,140,919,Hurricane
1961,FRANCES,9/30/61,10/10/61,9/30 - 10/10,115,948,Hurricane
1961,GERDA,10/17/61,10/22/61,10/17 - 10/22,65,988,Tropical Storm
1961,HATTIE,10/26/61,11/1/61,10/26 - 11/1,145,914,Hurricane
1961,SIMONE,11/1/61,11/3/61,11/1 - 11/3,45,,Tropical Storm
1961,INGA,11/4/61,11/8/61,11/4 - 11/8,60,997,Tropical Storm
1961,JENNY,11/2/61,11/11/61,11/2 - 11/11,70,974,Hurricane
1962,BECKY,8/27/62,9/1/62,8/27 - 9/1,50,,Tropical Storm
1962,ALMA,8/26/62,9/2/62,8/26 - 9/2,75,984,Hurricane
1962,CELIA,9/12/62,9/21/62,9/12 - 9/21,60,995,Tropical Storm
1962,DAISY,9/29/62,10/9/62,9/29 - 10/9,90,950,Hurricane
1962,ELLA,10/14/62,10/25/62,10/14 - 10/25,95,958,Hurricane
1963,ARLENE,7/31/63,8/14/63,7/31 - 8/14,100,969,Hurricane
1963,BEULAH,8/20/63,9/8/63,8/20 - 9/8,105,958,Hurricane
1963,CINDY,9/16/63,9/20/63,9/16 - 9/20,55,996,Tropical Storm
1963,DEBRA,9/19/63,9/24/63,9/19 - 9/24,65,999,Hurricane
1963,EDITH,9/23/63,9/29/63,9/23 - 9/29,85,990,Hurricane
1963,FLORA,9/28/63,10/17/63,9/28 - 10/17,130,933,Hurricane
1963,GINNY,10/17/63,10/30/63,10/17 - 10/30,95,948,Hurricane
1963,HELENA,10/25/63,10/30/63,10/25 - 10/30,45,1002,Tropical Storm
1964,ABBY,8/5/64,8/8/64,8/5 - 8/8,60,1000,Tropical Storm
1964,BRENDA,8/8/64,8/10/64,8/8 - 8/10,45,1006,Tropical Storm
1964,FLORENCE,9/5/64,9/10/64,9/5 - 9/10,40,1003,Tropical Storm
1964,CLEO,8/20/64,9/11/64,8/20 - 9/11,130,938,Hurricane
1964,DORA,8/28/64,9/16/64,8/28 - 9/16,115,942,Hurricane
1964,ETHEL,9/4/64,9/17/64,9/4 - 9/17,90,969,Hurricane
1964,GLADYS,9/13/64,9/25/64,9/13 - 9/25,115,945,Hurricane
1964,HILDA,9/28/64,10/7/64,9/28 - 10/7,120,941,Hurricane
1964,ISBELL,10/9/64,10/16/64,10/9 - 10/16,100,964,Hurricane
1965,ANNA,8/21/65,8/26/65,8/21 - 8/26,90,,Hurricane
1965,BETSY,8/27/65,9/13/65,8/27 - 9/13,120,942,Hurricane
1965,DEBBIE,9/24/65,9/30/65,9/24 - 9/30,50,1000,Tropical Storm
1965,CAROL,9/16/65,10/3/65,9/16 - 10/3,80,974,Hurricane
1965,ELENA,10/12/65,10/20/65,10/12 - 10/20,95,977,Hurricane
1966,ALMA,6/5/66,6/14/66,6/5 - 6/14,100,970,Hurricane
1966,BECKY,6/30/66,7/3/66,6/30 - 7/3,75,984,Hurricane
1966,CELIA,7/13/66,7/22/66,7/13 - 7/22,65,994,Hurricane
1966,ELLA,7/22/66,7/28/66,7/22 - 7/28,35,1008,Tropical Storm
1966,DOROTHY,7/21/66,7/31/66,7/21 - 7/31,75,989,Hurricane
1966,GRETA,9/1/66,9/6/66,9/1 - 9/6,45,1004,Tropical Storm
1966,FAITH,8/21/66,9/7/66,8/21 - 9/7,105,950,Hurricane
1966,HALLIE,9/20/66,9/21/66,9/20 - 9/21,50,997,Tropical Storm
1966,JUDITH,9/27/66,9/30/66,9/27 - 9/30,40,1007,Tropical Storm
1966,INEZ,9/21/66,10/11/66,9/21 - 10/11,145,927,Hurricane
1966,KENDRA,10/3/66,10/11/66,10/3 - 10/11,30,,Tropical Depression
1966,LOIS,11/4/66,11/14/66,11/4 - 11/14,75,983,Hurricane
1967,ARLENE,8/28/67,9/5/67,8/28 - 9/5,80,982,Hurricane
1967,CHLOE,9/4/67,9/21/67,9/4 - 9/21,95,958,Hurricane
1967,DORIA,9/4/67,9/21/67,9/4 - 9/21,85,973,Hurricane
1967,BEULAH,9/5/67,9/24/67,9/5 - 9/24,140,923,Hurricane
1967,EDITH,9/26/67,10/1/67,9/26 - 10/1,45,1000,Tropical Storm
1967,FERN,10/1/67,10/4/67,10/1 - 10/4,65,987,Hurricane
1967,GINGER,10/5/67,10/8/67,10/5 - 10/8,45,1011,Tropical Storm
1967,HEIDI,10/19/67,11/2/67,10/19 - 11/2,75,981,Hurricane
1968,ABBY,6/1/68,6/13/68,6/1 - 6/13,65,992,Hurricane
1968,BRENDA,6/18/68,6/26/68,6/18 - 6/26,70,990,Hurricane
1968,CANDY,6/22/68,6/26/68,6/22 - 6/26,60,995,Tropical Storm
1968,DOLLY,8/10/68,8/17/68,8/10 - 8/17,75,985,Hurricane
1968,EDNA,9/13/68,9/17/68,9/13 - 9/17,60,1012,Tropical Storm
1968,FRANCES,9/23/68,9/29/68,9/23 - 9/29,50,1001,Tropical Storm
1968,GLADYS,10/13/68,10/21/68,10/13 - 10/21,85,977,Hurricane
1970,ALMA,5/17/70,5/27/70,5/17 - 5/27,65,993,Hurricane
1970,BECKY,7/19/70,7/23/70,7/19 - 7/23,55,1003,Tropical Storm
1970,CELIA,7/31/70,8/5/70,7/31 - 8/5,120,944,Hurricane
1970,DOROTHY,8/18/70,8/22/70,8/18 - 8/22,60,996,Tropical Storm
1970,ELLA,9/8/70,9/13/70,9/8 - 9/13,110,962,Hurricane
1970,FELICE,9/12/70,9/19/70,9/12 - 9/19,60,990,Tropical Storm
1970,GRETA,9/26/70,10/4/70,9/26 - 10/4,40,1003,Tropical Storm
1971,ARLENE,7/4/71,7/8/71,7/4 - 7/8,55,1000,Tropical Storm
1971,BETH,8/10/71,8/17/71,8/10 - 8/17,75,977,Hurricane
1971,CHLOE,8/18/71,8/25/71,8/18 - 8/25,55,1004,Tropical Storm
1971,DORIA,8/20/71,8/29/71,8/20 - 8/29,55,989,Tropical Storm
1971,FERN,9/3/71,9/13/71,9/3 - 9/13,80,978,Hurricane
1971,HEIDI,9/11/71,9/15/71,9/11 - 9/15,55,996,Tropical Storm
1971,EDITH,9/5/71,9/18/71,9/5 - 9/18,140,943,Hurricane
1971,JANICE,9/21/71,9/24/71,9/21 - 9/24,55,1005,Tropical Storm
1971,IRENE:OLIVIA,9/11/71,10/1/71,9/11 - 10/1,100,948,Hurricane
1971,GINGER,9/6/71,10/5/71,9/6 - 10/5,95,959,Hurricane
1971,KRISTY,10/18/71,10/21/71,10/18 - 10/21,45,992,Tropical Storm
1971,LAURA,11/12/71,11/22/71,11/12 - 11/22,60,994,Tropical Storm
1972,ALPHA,5/23/72,5/29/72,5/23 - 5/29,60,991,Subtropical Storm
1972,AGNES,6/14/72,6/23/72,6/14 - 6/23,75,977,Hurricane
1972,BETTY,8/22/72,9/1/72,8/22 - 9/1,90,976,Hurricane
1972,CARRIE,8/29/72,9/5/72,8/29 - 9/5,60,992,Tropical Storm
1972,DAWN,9/5/72,9/14/72,9/5 - 9/14,70,997,Hurricane
1972,CHARLIE,9/19/72,9/22/72,9/19 - 9/22,60,944,Extratropical
1972,DELTA,11/1/72,11/7/72,11/1 - 11/7,40,1001,Subtropical Storm
1973,ALICE,7/1/73,7/7/73,7/1 - 7/7,80,986,Hurricane
1973,ALFA,7/30/73,8/2/73,7/30 - 8/2,40,1005,Subtropical Storm
1973,BRENDA,8/18/73,8/22/73,8/18 - 8/22,80,977,Hurricane
1973,CHRISTINE,8/25/73,9/4/73,8/25 - 9/4,60,996,Tropical Storm
1973,DELIA,9/1/73,9/7/73,9/1 - 9/7,60,986,Tropical Storm
1973,ELLEN,9/14/73,9/23/73,9/14 - 9/23,100,962,Hurricane
1973,FRAN,10/8/73,10/13/73,10/8 - 10/13,70,978,Hurricane
1973,GILDA,10/16/73,10/30/73,10/16 - 10/30,60,968,Tropical Storm
1974,ALMA,8/12/74,8/15/74,8/12 - 8/15,55,1007,Tropical Storm
1974,BECKY,8/26/74,9/2/74,8/26 - 9/2,100,977,Hurricane
1974,DOLLY,9/2/74,9/5/74,9/2 - 9/5,45,1004,Tropical Storm
1974,CARMEN,8/29/74,9/10/74,8/29 - 9/10,130,928,Hurricane
1974,ELAINE,9/4/74,9/14/74,9/4 - 9/14,60,1001,Tropical Storm
1974,FIFI:ORLENE,9/14/74,9/24/74,9/14 - 9/24,95,971,Hurricane
1974,GERTRUDE,9/27/74,10/4/74,9/27 - 10/4,65,999,Hurricane
1975,AMY,6/27/75,7/4/75,6/27 - 7/4,60,981,Tropical Storm
1975,BLANCHE,7/24/75,7/28/75,7/24 - 7/28,75,980,Hurricane
1975,CAROLINE,8/24/75,9/1/75,8/24 - 9/1,100,963,Hurricane
1975,DORIS,8/28/75,9/4/75,8/28 - 9/4,95,965,Hurricane
1975,ELOISE,9/13/75,9/24/75,9/13 - 9/24,110,955,Hurricane
1975,FAYE,9/18/75,9/29/75,9/18 - 9/29,90,977,Hurricane
1975,GLADYS,9/22/75,10/4/75,9/22 - 10/4,120,939,Hurricane
1975,HALLIE,10/24/75,10/28/75,10/24 - 10/28,45,1002,Tropical Storm
1976,ANNA,7/28/76,8/6/76,7/28 - 8/6,45,999,Tropical Storm
1976,BELLE,8/6/76,8/10/76,8/6 - 8/10,105,957,Hurricane
1976,DOTTIE,8/18/76,8/21/76,8/18 - 8/21,45,996,Tropical Storm
1976,CANDICE,8/18/76,8/24/76,8/18 - 8/24,80,964,Hurricane
1976,EMMY,8/20/76,9/4/76,8/20 - 9/4,90,974,Hurricane
1976,FRANCES,8/27/76,9/7/76,8/27 - 9/7,100,963,Hurricane
1976,GLORIA,9/26/76,10/5/76,9/26 - 10/5,90,970,Hurricane
1976,HOLLY,10/22/76,10/29/76,10/22 - 10/29,65,990,Hurricane
1977,ANITA,8/29/77,9/3/77,8/29 - 9/3,150,926,Hurricane
1977,BABE,9/3/77,9/9/77,9/3 - 9/9,65,995,Hurricane
1977,CLARA,9/5/77,9/12/77,9/5 - 9/12,65,993,Hurricane
1977,DOROTHY,9/26/77,9/30/77,9/26 - 9/30,75,980,Hurricane
1977,EVELYN,10/13/77,10/16/77,10/13 - 10/16,70,994,Hurricane
1977,FRIEDA,10/16/77,10/19/77,10/16 - 10/19,50,1005,Tropical Storm
1978,AMELIA,7/30/78,8/1/78,7/30 - 8/1,45,1005,Tropical Storm
1978,BESS,8/5/78,8/8/78,8/5 - 8/8,45,1005,Tropical Storm
1978,CORA,8/7/78,8/12/78,8/7 - 8/12,80,980,Hurricane
1978,DEBRA,8/26/78,8/29/78,8/26 - 8/29,50,1000,Tropical Storm
1978,ELLA,8/30/78,9/5/78,8/30 - 9/5,120,956,Hurricane
1978,FLOSSIE,9/4/78,9/16/78,9/4 - 9/16,85,976,Hurricane
1978,GRETA,9/13/78,9/20/78,9/13 - 9/20,115,947,Hurricane
1978,HOPE,9/12/78,9/21/78,9/12 - 9/21,55,987,Tropical Storm
1978,IRMA,10/2/78,10/5/78,10/2 - 10/5,45,1001,Tropical Storm
1978,JULIET,10/7/78,10/11/78,10/7 - 10/11,45,1006,Tropical Storm
1978,KENDRA,10/28/78,11/3/78,10/28 - 11/3,70,990,Hurricane
1979,ANA,6/19/79,6/24/79,6/19 - 6/24,50,1005,Tropical Storm
1979,BOB,7/9/79,7/16/79,7/9 - 7/16,65,986,Hurricane
1979,CLAUDETTE,7/15/79,7/29/79,7/15 - 7/29,45,997,Tropical Storm
1979,ELENA,8/30/79,9/2/79,8/30 - 9/2,35,1004,Tropical Storm
1979,DAVID,8/25/79,9/8/79,8/25 - 9/8,150,924,Hurricane
1979,FREDERIC,8/29/79,9/15/79,8/29 - 9/15,115,943,Hurricane
1979,GLORIA,9/4/79,9/15/79,9/4 - 9/15,85,975,Hurricane
1979,HENRI,9/15/79,9/24/79,9/15 - 9/24,75,983,Hurricane
1980,ALLEN,7/31/80,8/11/80,7/31 - 8/11,165,899,Hurricane
1980,BONNIE,8/14/80,8/19/80,8/14 - 8/19,85,975,Hurricane
1980,CHARLEY,8/20/80,8/25/80,8/20 - 8/25,70,989,Hurricane
1980,DANIELLE,9/4/80,9/7/80,9/4 - 9/7,50,1004,Tropical Storm
1980,GEORGES,9/1/80,9/8/80,9/1 - 9/8,70,993,Hurricane
1980,EARL,9/4/80,9/11/80,9/4 - 9/11,65,985,Hurricane
1980,FRANCES,9/6/80,9/21/80,9/6 - 9/21,100,958,Hurricane
1980,HERMINE,9/20/80,9/26/80,9/20 - 9/26,60,993,Tropical Storm
1980,IVAN,10/1/80,10/12/80,10/1 - 10/12,90,970,Hurricane
1980,JEANNE,11/7/80,11/16/80,11/7 - 11/16,85,986,Hurricane
1980,KARL,11/25/80,11/28/80,11/25 - 11/28,75,985,Hurricane
1981,ARLENE,5/6/81,5/9/81,5/6 - 5/9,50,999,Tropical Storm
1981,BRET,6/29/81,7/1/81,6/29 - 7/1,60,996,Tropical Storm
1981,CINDY,8/2/81,8/5/81,8/2 - 8/5,50,1002,Tropical Storm
1981,DENNIS,8/7/81,8/22/81,8/7 - 8/22,70,995,Hurricane
1981,FLOYD,9/3/81,9/12/81,9/3 - 9/12,100,975,Hurricane
1981,EMILY,8/31/81,9/12/81,8/31 - 9/12,80,966,Hurricane
1981,GERT,9/7/81,9/15/81,9/7 - 9/15,90,988,Hurricane
1981,HARVEY,9/11/81,9/20/81,9/11 - 9/20,115,946,Hurricane
1981,IRENE,9/21/81,10/3/81,9/21 - 10/3,105,959,Hurricane
1981,JOSE,10/29/81,11/2/81,10/29 - 11/2,45,998,Tropical Storm
1981,KATRINA,11/3/81,11/7/81,11/3 - 11/7,75,980,Hurricane
1982,ALBERTO,6/2/82,6/6/82,6/2 - 6/6,75,985,Hurricane
1982,BERYL,8/28/82,9/6/82,8/28 - 9/6,60,989,Tropical Storm
1982,CHRIS,9/9/82,9/12/82,9/9 - 9/12,55,994,Tropical Storm
1982,DEBBY,9/13/82,9/20/82,9/13 - 9/20,115,950,Hurricane
1982,ERNESTO,9/30/82,10/3/82,9/30 - 10/3,60,997,Tropical Storm
1983,ALICIA,8/15/83,8/21/83,8/15 - 8/21,100,962,Hurricane
1983,BARRY,8/23/83,8/29/83,8/23 - 8/29,70,986,Hurricane
1983,CHANTAL,9/10/83,9/15/83,9/10 - 9/15,65,994,Hurricane
1983,DEAN,9/26/83,9/30/83,9/26 - 9/30,55,999,Tropical Storm
1984,CESAR,8/31/84,9/2/84,8/31 - 9/2,50,989,Tropical Storm
1984,BERTHA,8/30/84,9/4/84,8/30 - 9/4,35,1007,Tropical Storm
1984,ARTHUR,8/28/84,9/5/84,8/28 - 9/5,45,1004,Tropical Storm
1984,EDOUARD,9/14/84,9/15/84,9/14 - 9/15,55,998,Tropical Storm
1984,DIANA,9/8/84,9/16/84,9/8 - 9/16,115,949,Hurricane
1984,GUSTAV,9/16/84,9/19/84,9/16 - 9/19,45,1006,Tropical Storm
1984,FRAN,9/15/84,9/20/84,9/15 - 9/20,55,994,Tropical Storm
1984,ISIDORE,9/25/84,10/1/84,9/25 - 10/1,50,999,Tropical Storm
1984,HORTENSE,9/23/84,10/2/84,9/23 - 10/2,65,993,Hurricane
1984,JOSEPHINE,10/7/84,10/21/84,10/7 - 10/21,90,965,Hurricane
1984,KLAUS,11/5/84,11/13/84,11/5 - 11/13,80,971,Hurricane
1984,LILI,12/12/84,12/24/84,12/12 - 12/24,70,980,Hurricane
1985,ANA,7/15/85,7/19/85,7/15 - 7/19,60,996,Tropical Storm
1985,BOB,7/21/85,7/26/85,7/21 - 7/26,65,1002,Hurricane
1985,CLAUDETTE,8/9/85,8/17/85,8/9 - 8/17,75,980,Hurricane
1985,DANNY,8/12/85,8/20/85,8/12 - 8/20,80,987,Hurricane
1985,ELENA,8/28/85,9/4/85,8/28 - 9/4,110,953,Hurricane
1985,FABIAN,9/15/85,9/19/85,9/15 - 9/19,55,994,Tropical Storm
1985,HENRI,9/21/85,9/25/85,9/21 - 9/25,50,996,Tropical Storm
1985,GLORIA,9/16/85,10/2/85,9/16 - 10/2,125,920,Hurricane
1985,ISABEL,10/7/85,10/15/85,10/7 - 10/15,60,997,Tropical Storm
1985,JUAN,10/26/85,11/1/85,10/26 - 11/1,75,971,Hurricane
1985,KATE,11/15/85,11/23/85,11/15 - 11/23,105,954,Hurricane
1986,ANDREW,6/5/86,6/8/86,6/5 - 6/8,45,999,Tropical Storm
1986,BONNIE,6/23/86,6/28/86,6/23 - 6/28,75,990,Hurricane
1986,CHARLEY,8/13/86,8/30/86,8/13 - 8/30,70,980,Hurricane
1986,DANIELLE,9/7/86,9/10/86,9/7 - 9/10,50,1000,Tropical Storm
1986,EARL,9/10/86,9/20/86,9/10 - 9/20,90,979,Hurricane
1986,FRANCES,11/18/86,11/21/86,11/18 - 11/21,75,1000,Hurricane
1987,BRET,8/18/87,8/24/87,8/18 - 8/24,45,1000,Tropical Storm
1987,ARLENE,8/8/87,8/28/87,8/8 - 8/28,65,987,Hurricane
1987,CINDY,9/5/87,9/10/87,9/5 - 9/10,45,1000,Tropical Storm
1987,DENNIS,9/8/87,9/20/87,9/8 - 9/20,45,1000,Tropical Storm
1987,EMILY,9/20/87,9/26/87,9/20 - 9/26,110,958,Hurricane
1987,FLOYD,10/9/87,10/14/87,10/9 - 10/14,65,993,Hurricane
1988,ALBERTO,8/5/88,8/8/88,8/5 - 8/8,35,1002,Tropical Storm
1988,BERYL,8/8/88,8/10/88,8/8 - 8/10,45,1001,Tropical Storm
1988,CHRIS,8/21/88,8/30/88,8/21 - 8/30,45,1005,Tropical Storm
1988,ERNESTO,9/3/88,9/5/88,9/3 - 9/5,55,994,Tropical Storm
1988,DEBBY,8/31/88,9/8/88,8/31 - 9/8,65,987,Hurricane
1988,FLORENCE,9/7/88,9/11/88,9/7 - 9/11,70,982,Hurricane
1988,GILBERT,9/8/88,9/20/88,9/8 - 9/20,160,888,Hurricane
1988,HELENE,9/19/88,9/30/88,9/19 - 9/30,125,938,Hurricane
1988,ISAAC,9/28/88,10/1/88,9/28 - 10/1,40,1005,Tropical Storm
1988,JOAN-MIRIAM,10/10/88,11/2/88,10/10 - 11/2,125,932,Hurricane
1988,KEITH,11/17/88,11/26/88,11/17 - 11/26,65,945,Tropical Storm
1989,ALLISON,6/24/89,7/1/89,6/24 - 7/1,45,999,Tropical Storm
1989,BARRY,7/9/89,7/14/89,7/9 - 7/14,45,1005,Tropical Storm
1989,CHANTAL,7/30/89,8/3/89,7/30 - 8/3,70,984,Hurricane
1989,DEAN,7/31/89,8/9/89,7/31 - 8/9,90,968,Hurricane
1989,ERIN,8/18/89,8/27/89,8/18 - 8/27,90,968,Hurricane
1989,FELIX,8/26/89,9/10/89,8/26 - 9/10,75,979,Hurricane
1989,GABRIELLE,8/30/89,9/13/89,8/30 - 9/13,125,935,Hurricane
1989,IRIS,9/16/89,9/21/89,9/16 - 9/21,60,1001,Tropical Storm
1989,HUGO,9/10/89,9/25/89,9/10 - 9/25,140,918,Hurricane
1989,JERRY,10/12/89,10/16/89,10/12 - 10/16,75,982,Hurricane
1989,KAREN,11/28/89,12/4/89,11/28 - 12/4,50,1000,Tropical Storm
1990,ARTHUR,7/22/90,7/27/90,7/22 - 7/27,60,995,Tropical Storm
1990,BERTHA,7/24/90,8/2/90,7/24 - 8/2,70,973,Hurricane
1990,CESAR,7/31/90,8/7/90,7/31 - 8/7,45,1000,Tropical Storm
1990,DIANA,8/4/90,8/9/90,8/4 - 8/9,85,980,Hurricane
1990,EDOUARD,8/2/90,8/13/90,8/2 - 8/13,40,1003,Tropical Storm
1990,FRAN,8/11/90,8/14/90,8/11 - 8/14,35,1007,Tropical Storm
1990,HORTENSE,8/25/90,8/31/90,8/25 - 8/31,55,993,Tropical Storm
1990,GUSTAV,8/24/90,9/3/90,8/24 - 9/3,105,956,Hurricane
1990,ISIDORE,9/4/90,9/17/90,9/4 - 9/17,85,978,Hurricane
1990,JOSEPHINE,9/21/90,10/6/90,9/21 - 10/6,75,980,Hurricane
1990,KLAUS,10/3/90,10/9/90,10/3 - 10/9,70,985,Hurricane
1990,MARCO,10/9/90,10/13/90,10/9 - 10/13,55,989,Tropical Storm
1990,LILI,10/6/90,10/15/90,10/6 - 10/15,65,987,Hurricane
1990,NANA,10/16/90,10/21/90,10/16 - 10/21,75,989,Hurricane
1991,ANA,6/29/91,7/5/91,6/29 - 7/5,45,1000,Tropical Storm
1991,BOB,8/16/91,8/29/91,8/16 - 8/29,100,950,Hurricane
1991,DANNY,9/7/91,9/11/91,9/7 - 9/11,45,998,Tropical Storm
1991,ERIKA,9/8/91,9/12/91,9/8 - 9/12,50,997,Tropical Storm
1991,CLAUDETTE,9/4/91,9/14/91,9/4 - 9/14,115,944,Hurricane
1991,FABIAN,10/15/91,10/17/91,10/15 - 10/17,40,1002,Tropical Storm
1991,GRACE,10/25/91,10/29/91,10/25 - 10/29,90,980,Hurricane
1992,ANDREW,8/16/92,8/28/92,8/16 - 8/28,150,922,Hurricane
1992,DANIELLE,9/22/92,9/26/92,9/22 - 9/26,55,1001,Tropical Storm
1992,CHARLEY,9/21/92,9/29/92,9/21 - 9/29,95,965,Hurricane
1992,BONNIE,9/17/92,10/2/92,9/17 - 10/2,95,965,Hurricane
1992,EARL,9/26/92,10/3/92,9/26 - 10/3,55,990,Tropical Storm
1992,FRANCES,10/22/92,10/30/92,10/22 - 10/30,75,976,Hurricane
1993,ARLENE,6/18/93,6/21/93,6/18 - 6/21,35,1000,Tropical Storm
1993,BRET,8/4/93,8/11/93,8/4 - 8/11,50,1002,Tropical Storm
1993,CINDY,8/14/93,8/17/93,8/14 - 8/17,40,1007,Tropical Storm
1993,DENNIS,8/23/93,8/28/93,8/23 - 8/28,45,1000,Tropical Storm
1993,EMILY,8/22/93,9/6/93,8/22 - 9/6,100,960,Hurricane
1993,FLOYD,9/7/93,9/13/93,9/7 - 9/13,70,966,Hurricane
1993,HARVEY,9/18/93,9/21/93,9/18 - 9/21,65,990,Hurricane
1993,GERT,9/14/93,9/26/93,9/14 - 9/26,85,970,Hurricane
1994,ALBERTO,6/30/94,7/7/94,6/30 - 7/7,55,993,Tropical Storm
1994,BERYL,8/14/94,8/19/94,8/14 - 8/19,50,999,Tropical Storm
1994,CHRIS,8/16/94,8/23/94,8/16 - 8/23,70,979,Hurricane
1994,DEBBY,9/9/94,9/11/94,9/9 - 9/11,60,1006,Tropical Storm
1994,ERNESTO,9/21/94,9/26/94,9/21 - 9/26,50,997,Tropical Storm
1994,FLORENCE,11/2/94,11/8/94,11/2 - 11/8,95,972,Hurricane
1994,GORDON,11/8/94,11/21/94,11/8 - 11/21,75,980,Hurricane
1995,ALLISON,6/3/95,6/11/95,6/3 - 6/11,65,982,Hurricane
1995,BARRY,7/5/95,7/10/95,7/5 - 7/10,60,989,Tropical Storm
1995,CHANTAL,7/12/95,7/22/95,7/12 - 7/22,60,991,Tropical Storm
1995,DEAN,7/28/95,8/2/95,7/28 - 8/2,40,999,Tropical Storm
1995,ERIN,7/31/95,8/6/95,7/31 - 8/6,85,973,Hurricane
1995,GABRIELLE,8/9/95,8/12/95,8/9 - 8/12,60,988,Tropical Storm
1995,FELIX,8/8/95,8/25/95,8/8 - 8/25,120,929,Hurricane
1995,JERRY,8/22/95,8/28/95,8/22 - 8/28,35,1002,Tropical Storm
1995,HUMBERTO,8/22/95,9/1/95,8/22 - 9/1,95,968,Hurricane
1995,KAREN,8/26/95,9/3/95,8/26 - 9/3,45,1000,Tropical Storm
1995,IRIS,8/22/95,9/7/95,8/22 - 9/7,95,957,Hurricane
1995,LUIS,8/28/95,9/12/95,8/28 - 9/12,130,935,Hurricane
1995,MARILYN,9/12/95,10/1/95,9/12 - 10/1,100,949,Hurricane
1995,OPAL,9/27/95,10/6/95,9/27 - 10/6,130,916,Hurricane
1995,NOEL,9/26/95,10/7/95,9/26 - 10/7,65,987,Hurricane
1995,PABLO,10/4/95,10/8/95,10/4 - 10/8,50,994,Tropical Storm
1995,ROXANNE,10/7/95,10/21/95,10/7 - 10/21,100,956,Hurricane
1995,SEBASTIEN,10/20/95,10/25/95,10/20 - 10/25,55,1001,Tropical Storm
1995,TANYA,10/27/95,11/3/95,10/27 - 11/3,75,970,Hurricane
1996,ARTHUR,6/17/96,6/23/96,6/17 - 6/23,45,992,Tropical Storm
1996,BERTHA,7/5/96,7/17/96,7/5 - 7/17,100,960,Hurricane
1996,CESAR,7/24/96,7/28/96,7/24 - 7/28,75,985,Hurricane
1996,DOLLY,8/19/96,8/25/96,8/19 - 8/25,70,989,Hurricane
1996,GUSTAV,8/26/96,9/2/96,8/26 - 9/2,40,1005,Tropical Storm
1996,EDOUARD,8/19/96,9/6/96,8/19 - 9/6,125,933,Hurricane
1996,FRAN,8/23/96,9/10/96,8/23 - 9/10,105,946,Hurricane
1996,HORTENSE,9/3/96,9/16/96,9/3 - 9/16,120,935,Hurricane
1996,ISIDORE,9/24/96,10/2/96,9/24 - 10/2,100,960,Hurricane
1996,KYLE,10/11/96,10/12/96,10/11 - 10/12,45,1001,Tropical Storm
1996,JOSEPHINE,10/4/96,10/16/96,10/4 - 10/16,60,970,Tropical Storm
1996,LILI,10/14/96,10/29/96,10/14 - 10/29,100,960,Hurricane
1996,MARCO,11/13/96,11/26/96,11/13 - 11/26,65,983,Hurricane
1997,ANA,6/30/97,7/5/97,6/30 - 7/5,40,1000,Tropical Storm
1997,BILL,7/11/97,7/13/97,7/11 - 7/13,65,986,Hurricane
1997,CLAUDETTE,7/13/97,7/16/97,7/13 - 7/16,40,1003,Tropical Storm
1997,DANNY,7/16/97,7/27/97,7/16 - 7/27,70,984,Hurricane
1997,ERIKA,9/3/97,9/19/97,9/3 - 9/19,110,946,Hurricane
1997,FABIAN,10/4/97,10/8/97,10/4 - 10/8,40,1004,Tropical Storm
1997,GRACE,10/14/97,10/17/97,10/14 - 10/17,40,999,Tropical Storm
1998,ALEX,7/27/98,8/2/98,7/27 - 8/2,45,1002,Tropical Storm
1998,CHARLEY,8/21/98,8/24/98,8/21 - 8/24,60,1000,Tropical Storm
1998,BONNIE,8/19/98,8/31/98,8/19 - 8/31,100,954,Hurricane
1998,DANIELLE,8/24/98,9/8/98,8/24 - 9/8,90,960,Hurricane
1998,EARL,8/31/98,9/8/98,8/31 - 9/8,85,964,Hurricane
1998,FRANCES,9/8/98,9/13/98,9/8 - 9/13,55,990,Tropical Storm
1998,HERMINE,9/17/98,9/20/98,9/17 - 9/20,40,999,Tropical Storm
1998,IVAN,9/19/98,9/27/98,9/19 - 9/27,80,975,Hurricane
1998,KARL,9/23/98,9/29/98,9/23 - 9/29,90,970,Hurricane
1998,GEORGES,9/15/98,10/1/98,9/15 - 10/1,135,937,Hurricane
1998,JEANNE,9/21/98,10/4/98,9/21 - 10/4,90,969,Hurricane
1998,LISA,10/5/98,10/10/98,10/5 - 10/10,65,995,Hurricane
1998,MITCH,10/22/98,11/9/98,10/22 - 11/9,155,905,Hurricane
1998,NICOLE,11/24/98,12/2/98,11/24 - 12/2,75,979,Hurricane
1999,ARLENE,6/11/99,6/18/99,6/11 - 6/18,50,1006,Tropical Storm
1999,BRET,8/18/99,8/25/99,8/18 - 8/25,125,944,Hurricane
1999,EMILY,8/24/99,8/28/99,8/24 - 8/28,45,1004,Tropical Storm
1999,CINDY,8/19/99,8/31/99,8/19 - 8/31,120,942,Hurricane
1999,DENNIS,8/24/99,9/8/99,8/24 - 9/8,90,962,Hurricane
1999,FLOYD,9/7/99,9/19/99,9/7 - 9/19,135,921,Hurricane
1999,HARVEY,9/19/99,9/22/99,9/19 - 9/22,50,994,Tropical Storm
1999,GERT,9/11/99,9/23/99,9/11 - 9/23,130,930,Hurricane
1999,IRENE,10/12/99,10/19/99,10/12 - 10/19,95,958,Hurricane
1999,JOSE,10/17/99,10/25/99,10/17 - 10/25,85,979,Hurricane
1999,KATRINA,10/28/99,11/1/99,10/28 - 11/1,35,999,Tropical Storm
1999,LENNY,11/13/99,11/23/99,11/13 - 11/23,135,933,Hurricane
2000,BERYL,8/13/00,8/15/00,8/13 - 8/15,45,1007,Tropical Storm
2000,CHRIS,8/17/00,8/19/00,8/17 - 8/19,35,1008,Tropical Storm
2000,DEBBY,8/19/00,8/24/00,8/19 - 8/24,75,991,Hurricane
2000,ALBERTO,8/3/00,8/25/00,8/3 - 8/25,110,950,Hurricane
2000,ERNESTO,9/1/00,9/3/00,9/1 - 9/3,35,1008,Tropical Storm
2000,FLORENCE,9/10/00,9/17/00,9/10 - 9/17,70,985,Hurricane
2000,GORDON,9/14/00,9/21/00,9/14 - 9/21,70,981,Hurricane
2000,HELENE,9/15/00,9/25/00,9/15 - 9/25,60,986,Tropical Storm
2000,JOYCE,9/25/00,10/2/00,9/25 - 10/2,80,975,Hurricane
2000,ISAAC,9/21/00,10/4/00,9/21 - 10/4,120,943,Hurricane
2000,KEITH,9/28/00,10/6/00,9/28 - 10/6,120,939,Hurricane
2000,LESLIE,10/4/00,10/10/00,10/4 - 10/10,60,973,Tropical Storm
2000,MICHAEL,10/15/00,10/20/00,10/15 - 10/20,85,965,Hurricane
2000,NADINE,10/19/00,10/22/00,10/19 - 10/22,50,999,Tropical Storm
2001,ALLISON,6/5/01,6/19/01,6/5 - 6/19,50,1000,Tropical Storm
2001,BARRY,8/2/01,8/8/01,8/2 - 8/8,60,990,Tropical Storm
2001,CHANTAL,8/14/01,8/22/01,8/14 - 8/22,60,997,Tropical Storm
2001,DEAN,8/22/01,8/29/01,8/22 - 8/29,60,994,Tropical Storm
2001,ERIN,9/1/01,9/17/01,9/1 - 9/17,105,968,Hurricane
2001,FELIX,9/7/01,9/19/01,9/7 - 9/19,100,962,Hurricane
2001,GABRIELLE,9/11/01,9/21/01,9/11 - 9/21,70,975,Hurricane
2001,HUMBERTO,9/21/01,9/27/01,9/21 - 9/27,90,970,Hurricane
2001,JERRY,10/6/01,10/8/01,10/6 - 10/8,45,1004,Tropical Storm
2001,IRIS,10/4/01,10/9/01,10/4 - 10/9,125,948,Hurricane
2001,KAREN,10/11/01,10/15/01,10/11 - 10/15,70,982,Hurricane
2001,LORENZO,10/27/01,10/31/01,10/27 - 10/31,35,1007,Tropical Storm
2001,MICHELLE,10/29/01,11/6/01,10/29 - 11/6,120,933,Hurricane
2001,NOEL,11/4/01,11/6/01,11/4 - 11/6,65,986,Hurricane
2001,OLGA,11/23/01,12/4/01,11/23 - 12/4,80,973,Hurricane
2002,ARTHUR,7/14/02,7/19/02,7/14 - 7/19,50,992,Tropical Storm
2002,CRISTOBAL,8/5/02,8/8/02,8/5 - 8/8,45,999,Tropical Storm
2002,BERTHA,8/4/02,8/9/02,8/4 - 8/9,35,1007,Tropical Storm
2002,DOLLY,8/29/02,9/4/02,8/29 - 9/4,50,997,Tropical Storm
2002,EDOUARD,9/1/02,9/6/02,9/1 - 9/6,55,1002,Tropical Storm
2002,FAY,9/5/02,9/11/02,9/5 - 9/11,50,998,Tropical Storm
2002,GUSTAV,9/8/02,9/15/02,9/8 - 9/15,85,960,Hurricane
2002,HANNA,9/12/02,9/15/02,9/12 - 9/15,50,1001,Tropical Storm
2002,JOSEPHINE,9/17/02,9/19/02,9/17 - 9/19,50,1004,Tropical Storm
2002,ISIDORE,9/14/02,9/27/02,9/14 - 9/27,110,934,Hurricane
2002,LILI,9/21/02,10/4/02,9/21 - 10/4,125,938,Hurricane
2002,KYLE,9/20/02,10/12/02,9/20 - 10/12,75,980,Hurricane
2003,BILL,6/28/03,7/3/03,6/28 - 7/3,50,997,Tropical Storm
2003,CLAUDETTE,7/7/03,7/17/03,7/7 - 7/17,80,979,Hurricane
2003,DANNY,7/16/03,7/27/03,7/16 - 7/27,65,1000,Hurricane
2003,ERIKA,8/14/03,8/17/03,8/14 - 8/17,65,986,Hurricane
2003,GRACE,8/30/03,9/2/03,8/30 - 9/2,35,1007,Tropical Storm
2003,HENRI,9/3/03,9/8/03,9/3 - 9/8,50,997,Tropical Storm
2003,FABIAN,8/27/03,9/9/03,8/27 - 9/9,125,939,Hurricane
2003,ISABEL,9/6/03,9/20/03,9/6 - 9/20,145,915,Hurricane
2003,JUAN,9/24/03,9/29/03,9/24 - 9/29,90,969,Hurricane
2003,LARRY,9/27/03,10/7/03,9/27 - 10/7,55,993,Tropical Storm
2003,KATE,9/25/03,10/10/03,9/25 - 10/10,110,952,Hurricane
2003,MINDY,10/10/03,10/14/03,10/10 - 10/14,40,1002,Tropical Storm
2003,NICHOLAS,10/13/03,11/1/03,10/13 - 11/1,60,990,Tropical Storm
2003,ODETTE,12/4/03,12/9/03,12/4 - 12/9,55,993,Tropical Storm
2003,PETER,12/7/03,12/11/03,12/7 - 12/11,60,990,Tropical Storm
2003,ANA,4/18/04,4/27/04,4/18 - 4/27,50,994,Tropical Storm
2004,ALEX,7/31/04,8/6/04,7/31 - 8/6,105,957,Hurricane
2004,BONNIE,8/3/04,8/14/04,8/3 - 8/14,55,1001,Tropical Storm
2004,CHARLEY,8/9/04,8/15/04,8/9 - 8/15,130,941,Hurricane
2004,EARL,8/13/04,8/15/04,8/13 - 8/15,45,1009,Tropical Storm
2004,DANIELLE,8/13/04,8/24/04,8/13 - 8/24,95,964,Hurricane
2004,HERMINE,8/27/04,8/31/04,8/27 - 8/31,50,1002,Tropical Storm
2004,GASTON,8/27/04,9/3/04,8/27 - 9/3,65,985,Hurricane
2004,FRANCES,8/25/04,9/10/04,8/25 - 9/10,125,935,Hurricane
2004,IVAN,9/2/04,9/24/04,9/2 - 9/24,145,910,Hurricane
2004,KARL,9/16/04,9/28/04,9/16 - 9/28,125,938,Hurricane
2004,JEANNE,9/13/04,9/29/04,9/13 - 9/29,105,950,Hurricane
2004,LISA,9/19/04,10/3/04,9/19 - 10/3,65,987,Hurricane
2004,NICOLE,10/10/04,10/11/04,10/10 - 10/11,45,986,Extratropical
2004,MATTHEW,10/8/04,10/11/04,10/8 - 10/11,40,997,Tropical Storm
2004,OTTO,11/26/04,12/5/04,11/26 - 12/5,45,995,Tropical Storm
2005,ARLENE,6/8/05,6/14/05,6/8 - 6/14,60,989,Tropical Storm
2005,BRET,6/28/05,6/30/05,6/28 - 6/30,35,1002,Tropical Storm
2005,CINDY,7/3/05,7/11/05,7/3 - 7/11,65,991,Hurricane
2005,DENNIS,7/4/05,7/18/05,7/4 - 7/18,130,930,Hurricane
2005,EMILY,7/11/05,7/21/05,7/11 - 7/21,140,929,Hurricane
2005,GERT,7/23/05,7/25/05,7/23 - 7/25,40,1005,Tropical Storm
2005,FRANKLIN,7/21/05,7/31/05,7/21 - 7/31,60,997,Tropical Storm
2005,HARVEY,8/2/05,8/14/05,8/2 - 8/14,55,994,Tropical Storm
2005,IRENE,8/4/05,8/18/05,8/4 - 8/18,90,970,Hurricane
2005,JOSE,8/22/05,8/23/05,8/22 - 8/23,50,998,Tropical Storm
2005,KATRINA,8/23/05,8/31/05,8/23 - 8/31,150,902,Hurricane
2005,LEE,8/28/05,9/3/05,8/28 - 9/3,35,1006,Tropical Storm
2005,NATE,9/5/05,9/12/05,9/5 - 9/12,80,979,Hurricane
2005,MARIA,9/1/05,9/14/05,9/1 - 9/14,100,962,Hurricane
2005,OPHELIA,9/6/05,9/23/05,9/6 - 9/23,75,976,Hurricane
2005,PHILIPPE,9/17/05,9/24/05,9/17 - 9/24,70,985,Hurricane
2005,RITA,9/18/05,9/26/05,9/18 - 9/26,155,895,Hurricane
2005,STAN,10/1/05,10/5/05,10/1 - 10/5,70,977,Hurricane
2005,TAMMY,10/5/05,10/7/05,10/5 - 10/7,45,1001,Tropical Storm
2005,VINCE,10/8/05,10/11/05,10/8 - 10/11,65,988,Hurricane
2005,ALPHA,10/22/05,10/24/05,10/22 - 10/24,45,998,Tropical Storm
2005,WILMA,10/15/05,10/26/05,10/15 - 10/26,160,882,Hurricane
2005,BETA,10/26/05,10/31/05,10/26 - 10/31,100,962,Hurricane
2005,GAMMA,11/14/05,11/22/05,11/14 - 11/22,45,1002,Tropical Storm
2005,DELTA,11/19/05,11/29/05,11/19 - 11/29,60,980,Tropical Storm
2005,EPSILON,11/29/05,12/9/05,11/29 - 12/9,75,981,Hurricane
2005,ZETA,12/30/05,1/7/06,12/30 - 1/7,55,994,Tropical Storm
2006,ALBERTO,6/10/06,6/19/06,6/10 - 6/19,60,969,Tropical Storm
2006,BERYL,7/18/06,7/22/06,7/18 - 7/22,50,1000,Tropical Storm
2006,CHRIS,8/1/06,8/6/06,8/1 - 8/6,55,1001,Tropical Storm
2006,DEBBY,8/21/06,8/28/06,8/21 - 8/28,45,999,Tropical Storm
2006,ERNESTO,8/24/06,9/4/06,8/24 - 9/4,65,985,Hurricane
2006,FLORENCE,9/3/06,9/19/06,9/3 - 9/19,80,963,Hurricane
2006,GORDON,9/10/06,9/24/06,9/10 - 9/24,105,955,Hurricane
2006,HELENE,9/12/06,9/24/06,9/12 - 9/27,105,955,Hurricane
2006,ISAAC,9/27/06,10/3/06,9/27 - 10/3,75,985,Hurricane
2007,ANDREA,5/6/07,5/14/07,5/6 - 5/14,65,998,Extratropical
2007,BARRY,5/31/07,6/5/07,5/31 - 6/5,50,990,Tropical Storm
2007,CHANTAL,7/31/07,8/5/07,7/31 - 8/5,60,964,Tropical Storm
2007,ERIN,8/15/07,8/19/07,8/15 - 8/19,50,995,Tropical Storm
2007,DEAN,8/13/07,8/23/07,8/13 - 8/23,150,905,Hurricane
2007,FELIX,8/31/07,9/6/07,8/31 - 9/6,150,929,Hurricane
2007,GABRIELLE,9/8/07,9/11/07,9/8 - 9/11,50,1004,Tropical Storm
2007,HUMBERTO,9/12/07,9/14/07,9/12 - 9/14,80,985,Hurricane
2007,INGRID,9/12/07,9/18/07,9/12 - 9/18,40,1002,Tropical Storm
2007,JERRY,9/23/07,9/24/07,9/23 - 9/24,35,1003,Tropical Storm
2007,LORENZO,9/25/07,9/28/07,9/25 - 9/28,70,990,Hurricane
2007,KAREN,9/25/07,9/29/07,9/25 - 9/29,65,988,Hurricane
2007,MELISSA,9/28/07,10/5/07,9/28 - 10/5,35,1005,Tropical Storm
2007,NOEL,10/24/07,11/6/07,10/24 - 11/6,75,965,Hurricane
2007,OLGA,12/10/07,12/16/07,12/10 - 12/16,50,1003,Tropical Storm
2008,ARTHUR,5/31/08,6/2/08,5/31 - 6/2,40,1004,Tropical Storm
2008,BERTHA,7/3/08,7/21/08,7/3 - 7/21,110,952,Hurricane
2008,CRISTOBAL,7/19/08,7/23/08,7/19 - 7/23,55,998,Tropical Storm
2008,DOLLY,7/20/08,7/27/08,7/20 - 7/27,85,963,Hurricane
2008,EDOUARD,8/3/08,8/6/08,8/3 - 8/6,55,996,Tropical Storm
2008,FAY,8/15/08,8/28/08,8/15 - 8/28,60,986,Tropical Storm
2008,GUSTAV,8/25/08,9/5/08,8/25 - 9/5,135,941,Hurricane
2008,HANNA,8/28/08,9/8/08,8/28 - 9/8,75,977,Hurricane
2008,JOSEPHINE,9/2/08,9/10/08,9/2 - 9/10,55,994,Tropical Storm
2008,IKE,9/1/08,9/15/08,9/1 - 9/15,125,935,Hurricane
2008,KYLE,9/25/08,9/30/08,9/25 - 9/30,75,984,Hurricane
2008,LAURA,9/26/08,10/4/08,9/26 - 10/4,70,990,Tropical Storm
2008,MARCO,10/6/08,10/7/08,10/6 - 10/7,55,998,Tropical Storm
2008,NANA,10/12/08,10/15/08,10/12 - 10/15,35,1004,Tropical Storm
2008,OMAR,10/13/08,10/21/08,10/13 - 10/21,115,958,Hurricane
2008,PALOMA,11/5/08,11/14/08,11/5 - 11/14,125,944,Hurricane
2009,ANA,8/10/09,8/16/09,8/10 - 8/16,35,1003,Tropical Storm
2009,CLAUDETTE,8/16/09,8/17/09,8/16 - 8/17,50,1005,Tropical Storm
2009,BILL,8/15/09,8/26/09,8/15 - 8/26,115,943,Hurricane
2009,DANNY,8/26/09,8/29/09,8/26 - 8/29,50,1006,Tropical Storm
2009,ERIKA,9/1/09,9/4/09,9/1 - 9/4,45,1004,Tropical Storm
2009,FRED,9/7/09,9/19/09,9/7 - 9/19,105,958,Hurricane
2009,GRACE,9/27/09,10/6/09,9/27 - 10/6,55,986,Tropical Storm
2009,HENRI,10/6/09,10/11/09,10/6 - 10/11,45,1005,Tropical Storm
2009,IDA,11/4/09,11/11/09,11/4 - 11/11,90,975,Hurricane
2010,ALEX,6/24/10,7/2/10,6/24 - 7/2,95,946,Hurricane
2010,BONNIE,7/22/10,7/25/10,7/22 - 7/25,40,1005,Tropical Storm
2010,COLIN,8/2/10,8/8/10,8/2 - 8/8,50,1005,Tropical Storm
2010,DANIELLE,8/21/10,9/3/10,8/21 - 9/3,115,942,Hurricane
2010,FIONA,8/30/10,9/4/10,8/30 - 9/4,55,998,Tropical Storm
2010,EARL,8/24/10,9/6/10,8/24 - 9/6,125,927,Hurricane
2010,GASTON,9/1/10,9/8/10,9/1 - 9/8,35,1005,Tropical Storm
2010,HERMINE,9/3/10,9/10/10,9/3 - 9/10,60,989,Tropical Storm
2010,KARL,9/13/10,9/18/10,9/13 - 9/18,110,956,Hurricane
2010,IGOR,9/8/10,9/23/10,9/8 - 9/23,135,924,Hurricane
2010,JULIA,9/12/10,9/24/10,9/12 - 9/24,120,948,Hurricane
2010,MATTHEW,9/23/10,9/26/10,9/23 - 9/26,50,998,Tropical Storm
2010,LISA,9/20/10,9/29/10,9/20 - 9/29,75,982,Hurricane
2010,NICOLE,9/28/10,9/30/10,9/28 - 9/30,40,994,Tropical Storm
2010,PAULA,10/11/10,10/15/10,10/11 - 10/15,90,981,Hurricane
2010,OTTO,10/6/10,10/17/10,10/6 - 10/17,75,976,Hurricane
2010,RICHARD,10/19/10,10/26/10,10/19 - 10/26,85,977,Hurricane
2010,SHARY,10/28/10,10/30/10,10/28 - 10/30,65,989,Hurricane
2010,TOMAS,10/29/10,11/10/10,10/29 - 11/10,85,982,Hurricane
2011,ARLENE,6/28/11,7/1/11,6/28 - 7/1,55,993,Tropical Storm
2011,BRET,7/16/11,7/23/11,7/16 - 7/23,60,995,Tropical Storm
2011,CINDY,7/20/11,7/23/11,7/20 - 7/23,60,994,Tropical Storm
2011,DON,7/27/11,7/30/11,7/27 - 7/30,45,997,Tropical Storm
2011,EMILY,8/2/11,8/7/11,8/2 - 8/7,45,1003,Tropical Storm
2011,FRANKLIN,8/12/11,8/16/11,8/12 - 8/16,40,1004,Tropical Storm
2011,GERT,8/13/11,8/17/11,8/13 - 8/17,55,1000,Tropical Storm
2011,HARVEY,8/19/11,8/22/11,8/19 - 8/22,55,994,Tropical Storm
2011,JOSE,8/26/11,8/29/11,8/26 - 8/29,40,1006,Tropical Storm
2011,IRENE,8/21/11,8/30/11,8/21 - 8/30,105,942,Hurricane
2011,LEE,9/2/11,9/6/11,9/2 - 9/6,50,986,Tropical Storm
2011,KATIA,8/28/11,9/12/11,8/28 - 9/12,120,942,Hurricane
2011,NATE,9/6/11,9/12/11,9/6 - 9/12,65,994,Hurricane
2011,MARIA,9/6/11,9/16/11,9/6 - 9/16,70,983,Hurricane
2011,OPHELIA,9/20/11,10/4/11,9/20 - 10/4,120,940,Hurricane
2011,PHILIPPE,9/23/11,10/9/11,9/23 - 10/9,80,976,Hurricane
2011,RINA,10/22/11,10/29/11,10/22 - 10/29,100,966,Hurricane
2011,SEAN,11/6/11,11/12/11,11/6 - 11/12,55,982,Tropical Storm
2012,ALBERTO,5/19/12,5/23/12,5/19 - 5/23,50,995,Tropical Storm
2012,BERYL,5/25/12,6/2/12,5/25 - 6/2,60,992,Tropical Storm
2012,CHRIS,6/17/12,6/24/12,6/17 - 6/24,75,974,Hurricane
2012,DEBBY,6/23/12,6/27/12,6/23 - 6/27,55,990,Tropical Storm
2012,FLORENCE,8/3/12,8/8/12,8/3 - 8/8,50,1002,Tropical Storm
2012,ERNESTO,8/1/12,8/10/12,8/1 - 8/10,85,973,Hurricane
2012,HELENE,8/9/12,8/19/12,8/9 - 8/19,40,1004,Tropical Storm
2012,GORDON,8/15/12,8/21/12,8/15 - 8/21,95,965,Hurricane
2012,JOYCE,8/21/12,8/24/12,8/21 - 8/24,35,1006,Tropical Storm
2012,ISAAC,8/20/12,9/1/12,8/20 - 9/1,70,965,Hurricane
2012,KIRK,8/28/12,9/3/12,8/28 - 9/3,90,970,Hurricane
2012,MICHAEL,9/2/12,9/12/12,9/2 - 9/12,100,964,Hurricane
2012,LESLIE,8/28/12,9/12/12,8/28 - 9/12,70,968,Hurricane
2012,NADINE,9/10/12,10/4/12,9/10 - 10/4,80,978,Hurricane
2012,OSCAR,10/2/12,10/5/12,10/2 - 10/5,45,994,Tropical Storm
2012,PATTY,10/10/12,10/13/12,10/10 - 10/13,40,1005,Tropical Storm
2012,RAFAEL,10/12/12,10/26/12,10/12 - 10/26,80,966,Hurricane
2012,TONY,10/21/12,10/26/12,10/21 - 10/26,45,1000,Tropical Storm
2012,SANDY,10/21/12,10/31/12,10/21 - 10/31,100,940,Hurricane
2013,BARBARA,5/28/13,5/30/13,5/28 - 5/30,70,983,Hurricane
2013,ANDREA,6/5/13,6/8/13,6/5 - 6/8,55,992,Tropical Storm
2013,BARRY,6/16/13,6/21/13,6/16 - 6/21,40,1003,Tropical Storm
2013,CHANTAL,7/7/13,7/10/13,7/7 - 7/10,55,1003,Tropical Storm
2013,DORIAN,7/22/13,8/4/13,7/22 - 8/4,50,1002,Tropical Storm
2013,ERIN,8/15/13,8/19/13,8/15 - 8/19,40,1006,Tropical Storm
2013,FERNAND,8/25/13,8/26/13,8/25 - 8/26,50,1001,Tropical Storm
2013,GABRIELLE,9/4/13,9/13/13,9/4 - 9/13,55,1003,Tropical Storm
2013,INGRID,9/12/13,9/17/13,9/12 - 9/17,75,983,Hurricane
2013,HUMBERTO,9/8/13,9/19/13,9/8 - 9/19,80,979,Hurricane
2013,KAREN,10/3/13,10/6/13,10/3 - 10/6,55,998,Tropical Storm
2013,JERRY,9/28/13,10/6/13,9/28 - 10/6,45,1005,Tropical Storm
2013,LORENZO,10/21/13,10/26/13,10/21 - 10/26,45,1000,Tropical Storm
2013,MELISSA,11/17/13,11/23/13,11/17 - 11/23,55,980,Tropical Storm
2014,ARTHUR,6/28/14,7/9/14,6/28 - 7/9,85,972,Hurricane
2014,BERTHA,7/29/14,8/9/14,7/29 - 8/9,70,996,Hurricane
2014,CRISTOBAL,8/23/14,9/2/14,8/23 - 9/2,75,963,Hurricane
2014,DOLLY,9/1/14,9/4/14,9/1 - 9/4,45,1000,Tropical Storm
2014,EDOUARD,9/10/14,9/22/14,9/10 - 9/22,105,955,Hurricane
2014,FAY,10/10/14,10/13/14,10/10 - 10/13,70,983,Hurricane
2014,GONZALO,10/11/14,10/20/14,10/11 - 10/20,125,940,Hurricane
2014,HANNA,10/21/14,10/29/14,10/21 - 10/29,35,1000,Tropical Storm
2015,ANA,5/6/15,5/12/15,5/6 - 5/12,50,998,Tropical Storm
2015,BILL,6/16/15,6/21/15,6/16 - 6/21,50,997,Tropical Storm
2015,CLAUDETTE,7/12/15,7/15/15,7/12 - 7/15,45,1003,Tropical Storm
2015,DANNY,8/17/15,8/24/15,8/17 - 8/24,110,960,Hurricane
2015,ERIKA,8/24/15,8/28/15,8/24 - 8/28,45,1001,Tropical Storm
2015,FRED,8/30/15,9/6/15,8/30 - 9/6,75,986,Hurricane
2015,GRACE,9/5/15,9/9/15,9/5 - 9/9,50,1000,Tropical Storm
2015,HENRI,9/8/15,9/11/15,9/8 - 9/11,45,1003,Tropical Storm
2015,IDA,9/15/15,9/28/15,9/15 - 9/28,45,1001,Tropical Storm
2015,JOAQUIN,9/26/15,10/15/15,9/26 - 10/15,135,931,Hurricane
2015,KATE,11/8/15,11/13/15,11/8 - 11/13,75,980,Hurricane
2016,ALEX,1/7/16,1/17/16,1/7 - 1/17,75,978,Hurricane
2016,COLIN,6/5/16,6/8/16,6/5 - 6/8,50,987,Tropical Storm
2016,BONNIE,5/27/16,6/9/16,5/27 - 6/9,40,1006,Tropical Storm
2016,DANIELLE,6/18/16,6/21/16,6/18 - 6/21,40,1007,Tropical Storm
2016,EARL,8/2/16,8/6/16,8/2 - 8/6,75,979,Hurricane
2016,FIONA,8/16/16,8/24/16,8/16 - 8/24,45,1004,Tropical Storm
2016,GASTON,8/21/16,9/3/16,8/21 - 9/3,105,955,Hurricane
2016,HERMINE,8/28/16,9/8/16,8/28 - 9/8,70,981,Hurricane
2016,IAN,9/12/16,9/17/16,9/12 - 9/17,55,984,Tropical Storm
2016,JULIA,9/13/16,9/21/16,9/13 - 9/21,45,1007,Tropical Storm
2016,KARL,9/12/16,9/26/16,9/12 - 9/26,60,980,Tropical Storm
2016,LISA,9/19/16,9/26/16,9/19 - 9/26,45,999,Tropical Storm
2016,MATTHEW,9/28/16,10/10/16,9/28 - 10/10,145,934,Hurricane
2016,NICOLE,10/4/16,10/19/16,10/4 - 10/19,120,950,Hurricane
2016,OTTO,11/17/16,11/26/16,11/17 - 11/26,100,975,Hurricane
2017,ARLENE,4/16/17,4/22/17,4/16 - 4/22,55,986,Tropical Storm
2017,BRET,6/18/17,6/20/17,6/18 - 6/20,45,1007,Tropical Storm
2017,CINDY,6/19/17,6/24/17,6/19 - 6/24,50,991,Tropical Storm
2017,DON,7/17/17,7/18/17,7/17 - 7/18,45,1005,Tropical Storm
2017,EMILY,7/30/17,8/2/17,7/30 - 8/2,50,1001,Tropical Storm
2017,FRANKLIN,8/6/17,8/10/17,8/6 - 8/10,75,981,Hurricane
2017,GERT,8/12/17,8/18/17,8/12 - 8/18,95,962,Hurricane
2017,HARVEY,8/16/17,9/2/17,8/16 - 9/2,115,937,Hurricane
2017,KATIA,9/5/17,9/9/17,9/5 - 9/9,90,972,Hurricane
2017,IRMA,8/30/17,9/13/17,8/30 - 9/13,155,914,Hurricane
2017,JOSE,9/4/17,9/25/17,9/4 - 9/25,135,938,Hurricane
2017,LEE,9/14/17,9/30/17,9/14 - 9/30,100,962,Hurricane
2017,MARIA,9/16/17,10/2/17,9/16 - 10/2,150,908,Hurricane
2017,NATE,10/3/17,10/11/17,10/3 - 10/11,80,981,Hurricane
2017,OPHELIA,10/6/17,10/17/17,10/6 - 10/17,100,957,Hurricane
2017,PHILIPPE,10/27/17,10/29/17,10/27 - 10/29,35,1000,Tropical Storm
2017,RINA,11/4/17,11/9/17,11/4 - 11/9,50,991,Tropical Storm
2018,ALBERTO,5/25/18,5/31/18,5/25 - 5/31,55,990,Tropical Storm
2018,CHRIS,7/5/18,7/17/18,7/5 - 7/17,90,969,Hurricane
2018,BERYL,7/4/18,7/17/18,7/4 - 7/17,70,991,Hurricane
2018,DEBBY,8/2/18,8/10/18,8/2 - 8/10,45,998,Tropical Storm
2018,ERNESTO,8/15/18,8/19/18,8/15 - 8/19,40,999,Tropical Storm
2018,GORDON,9/2/18,9/7/18,9/2 - 9/7,60,996,Tropical Storm
2018,ISAAC,9/7/18,9/15/18,9/7 - 9/15,65,995,Hurricane
2018,HELENE,9/7/18,9/17/18,9/7 - 9/17,95,967,Hurricane
2018,FLORENCE,8/30/18,9/18/18,8/30 - 9/18,130,937,Hurricane
2018,JOYCE,9/12/18,9/21/18,9/12 - 9/21,45,995,Tropical Storm
2018,KIRK,9/22/18,9/28/18,9/22 - 9/28,55,998,Tropical Storm
2018,NADINE,10/8/18,10/12/18,10/8 - 10/12,55,995,Tropical Storm
2018,LESLIE,9/22/18,10/14/18,9/22 - 10/14,80,968,Hurricane
2018,MICHAEL,10/6/18,10/15/18,10/6 - 10/15,140,919,Hurricane
2018,OSCAR,10/26/18,11/4/18,10/26 - 11/4,95,952,Hurricane
2019,ANDREA,5/20/19,5/22/19,5/20 - 5/22,35,1006,Tropical Low
2019,BARRY,7/10/19,7/16/19,7/10 - 7/16,65,993,Hurricane
2019,CHANTAL,8/20/19,8/26/19,8/20 - 8/26,35,1007,Tropical Storm
2019,ERIN,8/26/19,8/29/19,8/26 - 8/29,35,1002,Tropical Storm
2019,FERNAND,9/3/19,9/5/19,9/3 - 9/5,45,1000,Tropical Storm
2019,DORIAN,8/24/19,9/9/19,8/24 - 9/9,160,910,Hurricane
2019,GABRIELLE,9/3/19,9/11/19,9/3 - 9/11,55,995,Tropical Storm
2019,IMELDA,9/17/19,9/19/19,9/17 - 9/19,40,1003,Tropical Storm
2019,HUMBERTO,9/12/19,9/20/19,9/12 - 9/20,110,950,Hurricane
2019,KAREN,9/22/19,9/27/19,9/22 - 9/27,40,1003,Tropical Storm
2019,JERRY,9/17/19,9/28/19,9/17 - 9/28,90,976,Hurricane
2019,LORENZO,9/22/19,10/4/19,9/22 - 10/4,140,925,Hurricane
2019,MELISSA,10/8/19,10/14/19,10/8 - 10/14,55,994,Tropical Storm
2019,NESTOR,10/17/19,10/21/19,10/17 - 10/21,50,996,Tropical Storm
2019,OLGA,10/25/19,10/27/19,10/25 - 10/27,45,992,Tropical Storm
2019,PABLO,10/23/19,10/29/19,10/23 - 10/29,70,977,Hurricane
2019,REBEKAH,10/27/19,11/1/19,10/27 - 11/1,70,965,Extratropical
2019,SEBASTIEN,11/19/19,11/27/19,11/19 - 11/27,60,970,Tropical Storm
2020,ARTHUR,5/16/20,5/21/20,5/16 - 5/21,55,989,Tropical Storm
2020,BERTHA,5/27/20,5/28/20,5/27 - 5/28,45,1005,Tropical Storm
2020,AMANDA,5/30/20,5/31/20,5/30 - 5/31,35,1003,Tropical Storm
2020,CRISTOBAL,6/1/20,6/12/20,6/1 - 6/12,50,982,Tropical Storm
2020,DOLLY,6/22/20,6/25/20,6/22 - 6/25,40,1000,Tropical Storm
2020,EDOUARD,7/4/20,7/9/20,7/4 - 7/9,40,1005,Tropical Storm
2020,FAY,7/5/20,7/11/20,7/5 - 7/11,50,998,Tropical Storm
2020,GONZALO,7/20/20,7/25/20,7/20 - 7/25,55,997,Tropical Storm
2020,HANNA,7/23/20,7/26/20,7/23 - 7/26,80,973,Hurricane
2020,ISAIAS,7/28/20,8/5/20,7/28 - 8/5,80,986,Hurricane
2020,KYLE,8/14/20,8/16/20,8/14 - 8/16,45,1000,Tropical Storm
2020,JOSEPHINE,8/10/20,8/16/20,8/10 - 8/16,40,1004,Tropical Storm
2020,MARCO,8/20/20,8/25/20,8/20 - 8/25,65,991,Hurricane
2020,LAURA,8/20/20,8/29/20,8/20 - 8/29,130,937,Hurricane
2020,NANA,9/1/20,9/4/20,9/1 - 9/4,65,994,Hurricane
2020,OMAR,8/30/20,9/6/20,8/30 - 9/6,35,1003,Tropical Storm
2020,RENE,9/6/20,9/14/20,9/6 - 9/14,40,1001,Tropical Storm
2020,SALLY,9/11/20,9/18/20,9/11 - 9/18,95,965,Hurricane
2020,ALPHA,9/14/20,9/19/20,9/14 - 9/19,60,992,Extratropical
2020,VICKY,9/14/20,9/19/20,9/14 - 9/19,45,1001,Tropical Storm
2020,WILFRED,9/17/20,9/21/20,9/17 - 9/21,35,1006,Tropical Storm
2020,TEDDY,9/12/20,9/24/20,9/12 - 9/24,120,945,Hurricane
2020,BETA,9/17/20,9/25/20,9/17 - 9/25,55,993,Tropical Storm
2020,PAULETTE,9/7/20,9/28/20,9/7 - 9/28,90,965,Hurricane
2020,GAMMA,10/2/20,10/6/20,10/2 - 10/6,65,978,Hurricane
2020,DELTA,10/4/20,10/11/20,10/4 - 10/11,120,953,Hurricane
2020,EPSILON,10/16/20,10/26/20,10/16 - 10/26,100,952,Hurricane
2020,ZETA,10/24/20,10/30/20,10/24 - 10/30,100,970,Hurricane
2020,ETA,10/31/20,11/14/20,10/31 - 11/14,130,922,Hurricane
2020,THETA,11/8/20,11/16/20,11/8 - 11/16,60,987,Tropical Storm
2020,IOTA,11/12/20,11/18/20,11/12 - 11/18,135,917,Hurricane
2021,ANA,5/20/21,5/24/21,5/20 - 5/24,50,1004,Tropical Storm
2021,BILL,6/13/21,6/16/21,6/13 - 6/16,55,992,Tropical Storm
2021,CLAUDETTE,6/17/21,6/23/21,6/17 - 6/23,40,1003,Tropical Storm
2021,DANNY,6/27/21,6/29/21,6/27 - 6/29,40,1009,Tropical Storm
2021,ELSA,6/30/21,7/10/21,6/30 - 7/10,75,991,Hurricane
2021,FRED,8/9/21,8/20/21,8/9 - 8/20,55,991,Tropical Storm
2021,GRACE,8/13/21,8/21/21,8/13 - 8/21,105,967,Hurricane
2021,HENRI,8/15/21,8/24/21,8/15 - 8/24,65,986,Hurricane
2021,JULIAN,8/28/21,8/31/21,8/28 - 8/31,50,993,Tropical Storm
2021,KATE,8/27/21,9/1/21,8/27 - 9/1,40,1004,Tropical Storm
2021,IDA,8/26/21,9/4/21,8/26 - 9/4,130,929,Hurricane
2021,MINDY,9/8/21,9/10/21,9/8 - 9/10,50,1000,Tropical Storm
2021,LARRY,8/31/21,9/11/21,8/31 - 9/11,110,953,Hurricane
2021,NICHOLAS,9/12/21,9/17/21,9/12 - 9/17,65,988,Hurricane
2021,PETER,9/19/21,9/22/21,9/19 - 9/22,45,1005,Tropical Storm
2021,ROSE,9/19/21,9/24/21,9/19 - 9/24,50,1004,Tropical Storm
2021,ODETTE,9/16/21,9/26/21,9/16 - 9/26,55,989,Tropical Storm
2021,TERESA,9/26/21,9/26/21,9/24 - 9/26,40,1008,Tropical Low
2021,VICTOR,10/4/21,10/4/21,9/29 - 10/4,55,997,Tropical Storm
2021,SAM,10/7/21,10/7/21,9/22 - 10/7,135,927,Hurricane
2021,WANDA,11/8/21,11/8/21,10/25 - 11/8,60,973,Tropical Storm
2022,Alex,6/2/22,6/6/22,6/2 - 6/6,60,984,Tropical Storm
2022,Bonnie,6/27/22,7/9/22,6/27 - 7/9,100,964,Hurricane
2022,Colin,7/2/22,7/3/22,7/2 - 7/3,35,1012,Tropical Storm
2022,Danielle,9/1/22,9/8/22,9/1 - 9/8,80,1013,Hurricane
2022,Earl,9/2/22,9/10/22,9/2 - 9/10,90,1005,Hurricane
2022,Eleven,9/28/22,9/29/22,9/28 - 9/29,30,1010,Tropical Depression
2022,Fiona,9/14/22,9/24/22,9/14 - 9/24,115,1009,Hurricane
2022,Four,8/19/22,8/20/22,8/19 - 8/20,30,1010,Potential Tropical Cyclone
2022,Gaston,9/20/22,9/26/22,9/20 - 9/26,55,1013,Tropical Storm
2022,Hermine,9/23/22,9/25/22,9/23 - 9/25,35,1008,Tropical Storm
2022,Ian,9/23/22,10/1/22,9/23 - 10/1,135,1010,Hurricane
2022,Julia,10/6/22,10/9/22,10/6 - 10/9,75,1006,Hurricane
2022,Karl,10/11/22,10/15/22,10/11 - 10/15,50,1008,Tropical Storm
2022,Lisa,10/30/22,11/3/22,10/30 - 11/5,75,1009,Hurricane
2022,Martin,11/1/22,11/3/22,11/1 - 11/3,75,997,Hurricane
2022,Nicole,11/7/22,11/11/22,11/7 - 11/11,65,1004,Hurricane
2022,Twelve,10/4/22,10/6/22,10/4 - 10/6,30,1010,Tropical Depression